ID,ID2,Final URL,Image URL,Item title,Item subtitle,Item description,Item address,Item category,Price,Formatted price,Sale price,Formatted sale price,Contextual keywords,Tracking template,Android app link,iOS app link,iOS app store ID,Similar IDs,Status
PL-4330,,https://www.palmertrucks.com/truck-details/category-Dump-Truck/make-Kenworth/model-T880/vin-1NKZXPTX7PJ156883/,https://d8lxo54bt1xl7.cloudfront.net/prd/PL-4330/068Ux00000ylB2OIAU,2023 Kenworth T880,Used | Dump Truck,"Used, 2023 Kenworth T880, Dump Truck, PACCAR MX-13, 455 HP, Automatic, Diesel","2929 South Holt RD., Indianapolis, IN, 46241, United States",Dump Truck,179900.00 USD,,,,Dump Truck; TRI-AXLE DUMP; Used; Kenworth; T880; Class 8; Diesel; Automatic; PACCAR MX-13,,,,,,Eligible
PL-4340,,https://www.palmertrucks.com/truck-details/category-Dump-Truck/make-Kenworth/model-T880/vin-1NKZXPTXXPJ156893/,https://d8lxo54bt1xl7.cloudfront.net/prd/PL-4340/068Ux00000oyZFqIAM,2023 Kenworth T880,Used | Dump Truck,"Used, 2023 Kenworth T880, Dump Truck, PACCAR MX-13, 455 HP, Automatic, Diesel","2929 South Holt RD., Indianapolis, IN, 46241, United States",Dump Truck,179900.00 USD,,,,Dump Truck; TRI-AXLE DUMP; Used; Kenworth; T880; Class 8; Diesel; Automatic; PACCAR MX-13,,,,,,Eligible
PL-4356,,https://www.palmertrucks.com/truck-details/category-Dump-Truck/make-Kenworth/model-T880/vin-1NKZXPTX9PJ156917/,https://d8lxo54bt1xl7.cloudfront.net/prd/PL-4356/068Ux00000jl1lJIAQ,2023 Kenworth T880,Used | Dump Truck,"Used, 2023 Kenworth T880, Dump Truck, PACCAR MX-13, 455 HP, Automatic, Diesel","2929 South Holt RD., Indianapolis, IN, 46241, United States",Dump Truck,174900.00 USD,,,,Dump Truck; TRI-AXLE DUMP; Used; Kenworth; T880; Class 8; Diesel; Automatic; PACCAR MX-13,,,,,,Eligible
PL-4381,,https://www.palmertrucks.com/truck-details/category-Dump-Truck/make-Kenworth/model-T880/vin-1NKZXPTX3PJ157562/,https://d8lxo54bt1xl7.cloudfront.net/prd/PL-4381/068Ux00000yqiEdIAI,2023 Kenworth T880,Used | Dump Truck,"Used, 2023 Kenworth T880, Dump Truck, PACCAR MX-13, 455 HP, Automatic, Diesel","7740 Center Point 70 Blvd., Dayton, OH, 45424, United States",Dump Truck,199900.00 USD,,,,Dump Truck; QUINT AXLE DUMP; Used; Kenworth; T880; Class 8; Diesel; Automatic; PACCAR MX-13,,,,,,Eligible
PL-4388,,https://www.palmertrucks.com/truck-details/category-Dump-Truck/make-Kenworth/model-T880/vin-1NKZXPTX6PJ157569/,https://d8lxo54bt1xl7.cloudfront.net/prd/PL-4388/068Ux00000yGic4IAC,2023 Kenworth T880,Used | Dump Truck,"Used, 2023 Kenworth T880, Dump Truck, PACCAR MX-13, 455 HP, Automatic, Diesel","2929 South Holt RD., Indianapolis, IN, 46241, United States",Dump Truck,199900.00 USD,,,,Dump Truck; QUAD AXLE DUMP; Used; Kenworth; T880; Class 8; Diesel; Automatic; PACCAR MX-13,,,,,,Eligible
PL-4315,,https://www.palmertrucks.com/truck-details/category-Sleeper/make-Kenworth/model-T680/vin-1XKYD49X5PJ148264/,https://d8lxo54bt1xl7.cloudfront.net/prd/PL-4315/068Ux00000mnIMjIAM,2023 Kenworth T680,Used | Sleeper,"Used, 2023 Kenworth T680, Sleeper, Cummins X-15, 500 HP, Automatic, Diesel","3535 Coliseum Blvd W, Fort Wayne, IN, 46808, United States",Sleeper,69900.00 USD,,,,Sleeper; TAS; Used; Kenworth; T680; Class 8; Diesel; Automatic; Cummins X-15,,,,,,Eligible
PL-4321,,https://www.palmertrucks.com/truck-details/category-Dump-Truck/make-Kenworth/model-T880/vin-1NKZXPTX6PJ156874/,https://d8lxo54bt1xl7.cloudfront.net/prd/PL-4321/068Ux00000gZes1IAC,2023 Kenworth T880,Used | Dump Truck,"Used, 2023 Kenworth T880, Dump Truck, MX13, 455 HP, Automatic, Diesel","2929 South Holt RD., Indianapolis, IN, 46241, United States",Dump Truck,179900.00 USD,,,,Dump Truck; TRI-AXLE DUMP; Used; Kenworth; T880; Class 8; Diesel; Automatic; PACCAR; MX13,,,,,,Eligible
PL-4322,,https://www.palmertrucks.com/truck-details/category-Dump-Truck/make-Kenworth/model-T880/vin-1NKZXPTX8PJ156875/,https://d8lxo54bt1xl7.cloudfront.net/prd/PL-4322/068Ux00000x3u8XIAQ,2023 Kenworth T880,Used | Dump Truck,"Used, 2023 Kenworth T880, Dump Truck, MX13, 455 HP, Automatic, Diesel","1040 E. Mount Pleasant Rd., Evansville, IN, 47725, United States",Dump Truck,179900.00 USD,,,,Dump Truck; TRI-AXLE DUMP; Used; Kenworth; T880; Class 8; Diesel; Automatic; PACCAR; MX13,,,,,,Eligible
167905,,https://www.palmertrucks.com/truck-details/category-Cab-&-Chassis/make-Kenworth/model-T280/vin-2NK3HJ6X6SM167905/,https://d8lxo54bt1xl7.cloudfront.net/prd/167905/068Ux00000t1ivTIAQ,2025 Kenworth T280,New | Dump Truck,"2025, Kenworth, T280 Cab & Chassis, Air-Ride, Paccar, 350HP, Allison, Auto, White, 11R22.5, 5.25, 154"" CA, 12' Beau-Roc Contractor Dump Body","2929 South Holt RD., Indianapolis, IN, 46241, United States",Dump Truck,135800.00 USD,,,,Dump Truck; Cab & Chassis; Roll-Off; New; Kenworth; T280; Class 6; Diesel; Automatic; PACCAR; PX-9,,,,,,Eligible
583875,,https://www.palmertrucks.com/truck-details/category-Cab-&-Chassis/make-Kenworth/model-K270E/vin-3BKJHL6X9SF583875/,https://d8lxo54bt1xl7.cloudfront.net/prd/583875/068Ux00000RiDTTIA3,2026 Kenworth K270E,New | Box Truck,"2026 Kenworth K270E, All Electric 26' Box Truck, DANA TM4 ELECTRIC MOTOR - MDHV2600, 26k GVWR","9704 E. 30th St., Indianapolis, IN, 46229, United States",Box Truck,289900.00 USD,,,,Box Truck; Cab & Chassis; New; Kenworth; K270E; Class 6; Electric Vehicle; Automatic; Other; MDHV2600 (154 kW),,,,,,Eligible
179620,,https://www.palmertrucks.com/truck-details/category-Cab-&-Chassis/make-Kenworth/model-T380/vin-2NK4HJ7X2SM179620/,https://d8lxo54bt1xl7.cloudfront.net/prd/179620/068Ux00000IzM1FIAV,2025 Kenworth T380,New | Dump Truck,"2025 Kenworth T380 Cab & Chassis for Flatbed, PX9, Allison Auto, 180"" CA, 33K GVWR, 14' Beau-Roc Contractors Dump Body","3535 Coliseum Blvd W, Fort Wayne, IN, 46808, United States",Dump Truck,133200.00 USD,,,,Dump Truck; Cab & Chassis; Flatbed; New; Kenworth; T380; Class 7; Diesel; Automatic; PACCAR; PX-9,,,,,,Eligible
179612,,https://www.palmertrucks.com/truck-details/category-Cab-&-Chassis/make-Kenworth/model-T280/vin-2NK3HJ6X7SM179612/,https://d8lxo54bt1xl7.cloudfront.net/prd/179612/068Ux00000qLOxWIAW,2025 Kenworth T280,New | Dump Truck,"2025 Kenworth T280 Cab & Chassis W/ 12' Dump Body, PX9, Allison Auto, 150"" CA, 26K GVWR","3535 Coliseum Blvd W, Fort Wayne, IN, 46808, United States",Dump Truck,135200.00 USD,,,,Dump Truck; Cab & Chassis; New; Kenworth; T280; Class 6; Diesel; Automatic; PACCAR; PX-9,,,,,,Eligible
206726,,https://www.palmertrucks.com/truck-details/category-Day-Cab/make-Kenworth/model-T880/vin-1XKZDP9X1TJ206726/,https://d8lxo54bt1xl7.cloudfront.net/prd/206726/068Ux00000OpDevIAF,2026 Kenworth T880,New | Day Cab,"2026 Kenworth T880 Day Cab, MX13, 10 Speed Manual, Wet Line System included","6425 East State Road 42, Terre Haute, IN, 47803, United States",Day Cab,171900.00 USD,,,,Day Cab; New; Kenworth; T880; Class 8; Diesel; Manual; PACCAR; MX-13,,,,,,Eligible
193729,,https://www.palmertrucks.com/truck-details/category-Cab-&-Chassis/make-Kenworth/model-T880/vin-1NKZX4EX9TJ193729/,https://d8lxo54bt1xl7.cloudfront.net/prd/193729/068Ux00000p1b1qIAA,2026 Kenworth T880,New | Roll Off,"2026 Kenworth T880, Galbreath Tri-Axle Roll-Off, X15, Endurant 18 Pro 18 Speed AMT","65 Partnership Way, Cincinnati, OH, 45241, United States",Roll Off,276900.00 USD,,,,Roll Off; Cab & Chassis; Roll-Off; New; Kenworth; T880; Class 8; Diesel; Automated Manual; Cummins; X15,,,,,,Eligible
193724,,https://www.palmertrucks.com/truck-details/category-Cab-&-Chassis/make-Kenworth/model-T880/vin-1NKZXPTX2TR193724/,https://d8lxo54bt1xl7.cloudfront.net/prd/193724/068Ux00000p2p16IAA,2026 Kenworth T880,New | Dump Truck,"2026 Kenworth T880, Palmer Power 6 Axle Dump, BeauRoc DL 21.5' Steel Body, MX13, XD18 Pro - 18 Speed AMT","65 Partnership Way, Cincinnati, OH, 45241, United States",Dump Truck,262500.00 USD,,,,Dump Truck; Cab & Chassis; New; Kenworth; T880; Class 8; Diesel; Automated Manual; PACCAR; MX-13,,,,,,Eligible
194285,,https://www.palmertrucks.com/truck-details/category-Cab-&-Chassis/make-Kenworth/model-T280/vin-2NK3HM6X1TM194285/,https://d8lxo54bt1xl7.cloudfront.net/prd/194285/068Ux00000ytAnNIAU,2026 Kenworth T280,New | Box Truck,"2026 Kenworth T280, 26' Box Truck with Lift Gate, PX-7, Allison 3000RDS","65 Partnership Way, Cincinnati, OH, 45241, United States",Box Truck,139900.00 USD,,,,Box Truck; Cab & Chassis; New; Kenworth; T280; Class 6; Diesel; Automatic; PACCAR; PX-7,,,,,,Eligible
208798,,https://www.palmertrucks.com/truck-details/category-Cab-&-Chassis/make-Kenworth/model-T480/vin-2NK5LJ0X5TM208798/,https://d8lxo54bt1xl7.cloudfront.net/prd/208798/068Ux00000XwuTSIAZ,2026 Kenworth T480,New | Dump Truck,"2026 Kenworth T480, Tandem Dump, PX9 370hp, Allison 3000RDS, 16' BeauRoc DCS","9704 E. 30th St., Indianapolis, IN, 46229, United States",Dump Truck,203400.00 USD,,,,Dump Truck; Cab & Chassis; New; Kenworth; T480; Class 8; Diesel; Automatic; PACCAR; PX-9,,,,,,Eligible
194264,,https://www.palmertrucks.com/truck-details/category-Cab-&-Chassis/make-Kenworth/model-T280/vin-2NK3HM6X4TM194264/,https://d8lxo54bt1xl7.cloudfront.net/prd/194264/068Ux00000QLSGwIAP,2026 Kenworth T280,New | Flatbed,"2026 Kenworth T280, 24' Flatbed, PX-7, Allison 3000RDS","3535 Coliseum Blvd W, Fort Wayne, IN, 46808, United States",Flatbed,127500.00 USD,,,,Flatbed; Cab & Chassis; New; Kenworth; T280; Class 6; Diesel; Automatic; PACCAR; PX-7,,,,,,Eligible
194267,,https://www.palmertrucks.com/truck-details/category-Cab-&-Chassis/make-Kenworth/model-T280/vin-2NK3HM6XXTM194267/,https://d8lxo54bt1xl7.cloudfront.net/prd/194267/068Ux00000UD6MfIAL,2026 Kenworth T280,New | Cab & Chassis,"2026 Kenworth T280, 14' Beau-Roc Dump body installed, PX7, 325hp, Allison, 10k FA, 16k RA, 202"" Cab-to-Axle","2929 South Holt RD., Indianapolis, IN, 46241, United States",Cab & Chassis,136600.00 USD,,,,Cab & Chassis; Dump Truck; New; Kenworth; T280; Class 6; Diesel; Automatic; PACCAR; PX-7,,,,,,Eligible
194329,,https://www.palmertrucks.com/truck-details/category-Cab-&-Chassis/make-Kenworth/model-T280/vin-2NK3HM6X6TM194329/,https://d8lxo54bt1xl7.cloudfront.net/prd/194329/068Ux00000XZFlyIAH,2026 Kenworth T280,New | Box Truck,"2026 Kenworth T280, 26' Box Truck with Lift Gate, PX-7, 325hp, Allison Automatic, Great Dane Body, 3,000 lbs. Maxon Tuck Away Lift Gate","131 Parker Ave, Bowling Green, KY, 42101, United States",Box Truck,142900.00 USD,,,,Box Truck; Cab & Chassis; New; Kenworth; T280; Class 6; Diesel; Automatic; PACCAR; PX-7,,,,,,Eligible
193614,,https://www.palmertrucks.com/truck-details/category-Sleeper/make-Kenworth/model-T680/vin-1XKYDP9X6TJ193614/,https://d8lxo54bt1xl7.cloudfront.net/prd/193614/068Ux00000PSZfbIAH,2026 Kenworth T680,New | Sleeper,"2026 Kenworth T680, 76"" High-Roof, MX13, 12 Speed AMT","1040 E. Mount Pleasant Rd., Evansville, IN, 47725, United States",Sleeper,178600.00 USD,,,,Sleeper; New; Kenworth; T680; Class 8; Diesel; Automated Manual; PACCAR; MX-13,,,,,,Eligible
193616,,https://www.palmertrucks.com/truck-details/category-Sleeper/make-Kenworth/model-T680/vin-1XKYDP9XXTJ193616/,https://d8lxo54bt1xl7.cloudfront.net/prd/193616/068Ux00000LsmYMIAZ,2026 Kenworth T680,New | Sleeper,"2026 Kenworth T680, 76"" High-Roof, MX13, 12 Speed AMT","9704 E. 30th St., Indianapolis, IN, 46229, United States",Sleeper,178900.00 USD,,,,Sleeper; New; Kenworth; T680; Class 8; Diesel; Automated Manual; PACCAR; MX-13,,,,,,Eligible
193617,,https://www.palmertrucks.com/truck-details/category-Sleeper/make-Kenworth/model-T680/vin-1XKYDP9X1TJ193617/,https://d8lxo54bt1xl7.cloudfront.net/prd/193617/068Ux00000LmVOrIAN,2026 Kenworth T680,New | Sleeper,"2026 Kenworth T680, 76"" High-Roof, MX13, 12 Speed AMT","9704 E. 30th St., Indianapolis, IN, 46229, United States",Sleeper,179900.00 USD,,,,Sleeper; New; Kenworth; T680; Class 8; Diesel; Automated Manual; PACCAR; MX-13,,,,,,Eligible
193618,,https://www.palmertrucks.com/truck-details/category-Sleeper/make-Kenworth/model-T680/vin-1XKYDP9X3TJ193618/,https://d8lxo54bt1xl7.cloudfront.net/prd/193618/068Ux00000LsemDIAR,2026 Kenworth T680,New | Sleeper,"2026 Kenworth T680, 76"" High-Roof, MX13, 12 Speed AMT",,Sleeper,177900.00 USD,,,,Sleeper; New; Kenworth; T680; Class 8; Diesel; Automated Manual; PACCAR; MX-13,,,,,,Eligible
194330,,https://www.palmertrucks.com/truck-details/category-Cab-&-Chassis/make-Kenworth/model-T280/vin-2NK3HM6X2TM194330/,https://d8lxo54bt1xl7.cloudfront.net/prd/194330/068Ux00000YPoe0IAD,2026 Kenworth T280,New | Box Truck,"2026 Kenworth T280, 26' Box Truck, PX7, Allison 3000RDS","1040 E. Mount Pleasant Rd., Evansville, IN, 47725, United States",Box Truck,128600.00 USD,,,,Box Truck; Cab & Chassis; New; Kenworth; T280; Class 6; Diesel; Automatic; PACCAR; PX-7,,,,,,Eligible
194147,,https://www.palmertrucks.com/truck-details/category-Cab-&-Chassis/make-Kenworth/model-T380/vin-2NK4HJ7X9TM194147/,https://d8lxo54bt1xl7.cloudfront.net/prd/194147/068Ux00000omOJVIA2,2026 Kenworth T380,New | Dump Truck,"2026 Kenworth T380 w/10' Bibeau dump/pintle, PX9, Allison 3000RDS","6425 East State Road 42, Terre Haute, IN, 47803, United States",Dump Truck,139900.00 USD,,,,Dump Truck; Cab & Chassis; New; Kenworth; T380; Class 7; Diesel; Automatic; PACCAR; PX-9,,,,,,Eligible
209408,,https://www.palmertrucks.com/truck-details/category-Cab-&-Chassis/make-Kenworth/model-T480/vin-2NK5HJ8X7TM209408/,https://d8lxo54bt1xl7.cloudfront.net/prd/209408/068Ux00000bS5AlIAK,2026 Kenworth T480,New | Cab & Chassis,"2026 Kenworth T480, Cab & Chassis for Plow/Muni/Dump, PX9, Allison 3500RDS","7740 Center Point 70 Blvd., Dayton, OH, 45424, United States",Cab & Chassis,131600.00 USD,,,,Cab & Chassis; Municipal; New; Kenworth; T480; Class 8; Diesel; Automatic; PACCAR; PX-9,,,,,,Eligible
194234,,https://www.palmertrucks.com/truck-details/category-Cab-&-Chassis/make-Kenworth/model-T280/vin-2NK3HM6X6TM194234/,https://d8lxo54bt1xl7.cloudfront.net/prd/194234/068Ux00000nfAfCIAU,2026 Kenworth T280,New | Roll Back,"2026 Kenworth T280 w/21' Steel rollback wrecker bed, PX-7, Allison 3000RDS","9704 E. 30th St., Indianapolis, IN, 46229, United States",Roll Back,151800.00 USD,,,,Roll Back; Cab & Chassis; New; Kenworth; T280; Class 6; Diesel; Automatic; PACCAR; PX-7,,,,,,Eligible
194235,,https://www.palmertrucks.com/truck-details/category-Cab-&-Chassis/make-Kenworth/model-T280/vin-2NK3HM6X8TM194235/,https://d8lxo54bt1xl7.cloudfront.net/prd/194235/068Ux00000nv6NuIAI,2026 Kenworth T280,New | Box Truck,"2026 Kenworth T280, Cab & Chassis for 26' Box Truck, PX7, 325hp, Allison Automatic","9704 E. 30th St., Indianapolis, IN, 46229, United States",Box Truck,143400.00 USD,,,,Box Truck; Cab & Chassis; New; Kenworth; T280; Class 6; Diesel; Automatic; PACCAR; PX-7,,,,,,Eligible
205428,,https://www.palmertrucks.com/truck-details/category-Cab-&-Chassis/make-Kenworth/model-T880/vin-1NKZLK0X3TJ205428/,https://d8lxo54bt1xl7.cloudfront.net/prd/205428/068Ux00000lEbnqIAC,2026 Kenworth T880,New | Municipal,"2026 Kenworth T880S, Cab & Chassis with HARD POINT plow mounts, MX11, 400hp, 4500RDS","9704 E. 30th St., Indianapolis, IN, 46229, United States",Municipal,297900.00 USD,,,,Municipal; Cab & Chassis; Plow Truck; New; Kenworth; T880; Class 8; Diesel; Automatic; PACCAR; MX-11,,,,,,Eligible
152872A,,https://www.palmertrucks.com/truck-details/category-Custom-Sleeper/make-Kenworth/model-T680/vin-1XKYD49X3SJ152872/,https://d8lxo54bt1xl7.cloudfront.net/prd/152872A/068Ux00000KaAGfIAN,2025 Kenworth T680,New | Custom Sleeper,"2025 Kenworth T680, 120"" ARI Custom Sleeper, X15, 500HP, 12spd AMT, Generator, Roof A/C, Fridge, Microwave/Convection Oven","3535 Coliseum Blvd W, Fort Wayne, IN, 46808, United States",Custom Sleeper,347055.00 USD,,,,Custom Sleeper; New; Kenworth; T680; Class 8; Diesel; Automated Manual; Cummins; X15,,,,,,Eligible
152901A,,https://www.palmertrucks.com/truck-details/category-Custom-Sleeper/make-Kenworth/model-W900/vin-1XKWD49X5SR152901/,https://d8lxo54bt1xl7.cloudfront.net/prd/152901A/068Ux00000KaQTXIA3,2025 Kenworth W900,New | Custom Sleeper,"2025 Kenworth W900L, 156"" ARI Custom Sleeper, X15 525hp, 18 Speed Manual, Rear Door, Onan Generator, Roof A/C, Fridge, Microwave/Convection Oven, Dinette, 43"" Smart TV, Shower, Toilet","6503 N. Old US 27, Fremont, IN, 46737, United States",Custom Sleeper,397653.00 USD,,,,Custom Sleeper; New; Kenworth; W900; Class 8; Diesel; Manual; Cummins; X15,,,,,,Eligible
208838,,https://www.palmertrucks.com/truck-details/category-Cab-&-Chassis/make-Kenworth/model-T480V/vin-2NK5HJ8X5TM208838/,https://d8lxo54bt1xl7.cloudfront.net/prd/208838/068Ux00000SL32sIAD,2026 Kenworth T480V,New | Cab & Chassis,"2026 Kenworth T480V Heavy Single Axle Cab & Chassis for Plow / Dump / Municipal Application, 84"" Cab to Axle, PX9, Allison Automatic","7740 Center Point 70 Blvd., Dayton, OH, 45424, United States",Cab & Chassis,131600.00 USD,,,,Cab & Chassis; Municipal; New; Kenworth; T480V; Class 8; Diesel; Automatic; PACCAR; PX-9,,,,,,Eligible
182666A,,https://www.palmertrucks.com/truck-details/category-Custom-Sleeper/make-Kenworth/model-T880/vin-1XKZD49X1SJ182666/,https://d8lxo54bt1xl7.cloudfront.net/prd/182666A/068Ux00000O0z2WIAR,2025 Kenworth T880,New | Custom Sleeper,"2025 Kenworth T880, 180"" ARI Custom Sleeper, X15, 18 Speed AMT","3535 Coliseum Blvd W, Fort Wayne, IN, 46808, United States",Custom Sleeper,399351.00 USD,,,,Custom Sleeper; New; Kenworth; T880; Class 8; Diesel; Automated Manual; Cummins; X15,,,,,,Eligible
216068,,https://www.palmertrucks.com/truck-details/category-Cab-&-Chassis/make-Kenworth/model-T280/vin-2NK3HM6X6TM216068/,https://d8lxo54bt1xl7.cloudfront.net/prd/216068/068Ux00000VL5HOIA1,2026 Kenworth T280,New | Box Truck,"2026 Kenworth T280, 26' Box Truck, 26K GVWR, PX7, 250hp, Allison 2500RDS","4330 Poplar Level Rd, Louisville, KY, 40213, United States",Box Truck,142800.00 USD,,,,Box Truck; Cab & Chassis; New; Kenworth; T280; Class 6; Diesel; Automatic; PACCAR; PX-7,,,,,,Eligible
219335,,https://www.palmertrucks.com/truck-details/category-Sleeper/make-Kenworth/model-T680/vin-1XKYDP9X2TJ219335/,https://d8lxo54bt1xl7.cloudfront.net/prd/219335/068Ux00000SPHyQIAX,2026 Kenworth T680,New | Sleeper,"2026 Kenworth T680, 76"" High-Roof, MX13, 12 Speed AMT, Double Bunk, Fridge, Inverter","9704 E. 30th St., Indianapolis, IN, 46229, United States",Sleeper,173900.00 USD,,,,Sleeper; New; Kenworth; T680; Class 8; Diesel; Automated Manual; PACCAR; MX-13,,,,,,Eligible
T1003351,,https://www.palmertrucks.com/truck-details/category-Trailer:-Drop-Deck/make-Extreme/model-XS/vin-7VGAB5322T1003351/,https://d8lxo54bt1xl7.cloudfront.net/prd/T1003351/068Ux00000RwiUAIAZ,2026 Extreme XS,New | Trailer,"2026 Extreme XS, Drop Deck Trailer, Includes Ramps","4330 Poplar Level Rd, Louisville, KY, 40213, United States",Trailer,82800.00 USD,,,,Trailer; Trailer: Drop Deck; New; Extreme; XS,,,,,,Eligible
219336,,https://www.palmertrucks.com/truck-details/category-Sleeper/make-Kenworth/model-T680/vin-1XKYDP9X4TJ219336/,https://d8lxo54bt1xl7.cloudfront.net/prd/219336/068Ux00000TRxrVIAT,2026 Kenworth T680,New | Sleeper,"2026 Kenworth T680, 76"" High-Roof, MX13, 12 Speed AMT, Double Bunk, Fridge, Inverter","1040 E. Mount Pleasant Rd., Evansville, IN, 47725, United States",Sleeper,175900.00 USD,,,,Sleeper; New; Kenworth; T680; Class 8; Diesel; Automated Manual; PACCAR; MX-13,,,,,,Eligible
219339,,https://www.palmertrucks.com/truck-details/category-Sleeper/make-Kenworth/model-T680/vin-1XKYDP9XXTJ219339/,https://d8lxo54bt1xl7.cloudfront.net/prd/219339/068Ux00000TezFUIAZ,2026 Kenworth T680,New | Sleeper,"2026 Kenworth T680, 76"" High-Roof, MX13, 12 Speed AMT, Double Bunk, Fridge, Inverter","6503 N. Old US 27, Fremont, IN, 46737, United States",Sleeper,175900.00 USD,,,,Sleeper; New; Kenworth; T680; Class 8; Diesel; Automated Manual; PACCAR; MX-13,,,,,,Eligible
223018,,https://www.palmertrucks.com/truck-details/category-Day-Cab/make-Kenworth/model-T680/vin-1XKYDP9XXTJ223018/,https://d8lxo54bt1xl7.cloudfront.net/prd/223018/068Ux00000YWZlRIAX,2026 Kenworth T680,New | Day Cab,2026 Kenworth T680 -Mx13 485 / 1650 - Eaton 12 SPD,"2929 South Holt RD., Indianapolis, IN, 46241, United States",Day Cab,167200.00 USD,,,,Day Cab; TRUCK; New; Kenworth; T680; Class 8; Diesel; Automated Manual; PACCAR; MX-13,,,,,,Eligible
223310,,https://www.palmertrucks.com/truck-details/category-Day-Cab/make-Kenworth/model-T680/vin-1XKYD49X8TJ223310/,https://d8lxo54bt1xl7.cloudfront.net/prd/223310/068Ux00000WZnczIAD,2026 Kenworth T680,New | Day Cab,"2026 Kenworth T680, Day Cab, Cummins X15, 450HP, Eaton 10 Speed Manual","6425 East State Road 42, Terre Haute, IN, 47803, United States",Day Cab,165300.00 USD,,,,Day Cab; TRUCK; New; Kenworth; T680; Class 8; Diesel; Manual; Cummins; X15,,,,,,Eligible
224683,,https://www.palmertrucks.com/truck-details/category-Cab-&-Chassis/make-Kenworth/model-T880/vin-1NKZL40XXTJ224683/,https://d8lxo54bt1xl7.cloudfront.net/prd/224683/068Ux00000pHu0SIAS,2026 Kenworth T880,New | Roll Off,"2026 Kenworth T880, Tri-Axle Roll-Off, X15, 500hp, Allison 4500RDS","4330 Poplar Level Rd, Louisville, KY, 40213, United States",Roll Off,279900.00 USD,,,,Roll Off; Cab & Chassis; Roll-Off; TRUCK; New; Kenworth; T880; Class 8; Diesel; Automatic; Cummins; X15,,,,,,Eligible
198262A,,https://www.palmertrucks.com/truck-details/category-Custom-Sleeper/make-Kenworth/model-T680/vin-1XKYD49X6TJ198262/,https://d8lxo54bt1xl7.cloudfront.net/prd/198262A/068Ux00000VIfUHIA1,2026 Kenworth T680,New | Custom Sleeper,"2026 Kenworth T680 Custom Sleeper, 120"" ARI Rear Bed, X15, 12 Speed AMT","3535 Coliseum Blvd W, Fort Wayne, IN, 46808, United States",Custom Sleeper,361868.00 USD,,,,Custom Sleeper; New; Kenworth; T680; Class 8; Diesel; Automated Manual; Cummins; X15,,,,,,Eligible
198263A,,https://www.palmertrucks.com/truck-details/category-Custom-Sleeper/make-Kenworth/model-T680/vin-1XKYD49X8TJ198263/,https://d8lxo54bt1xl7.cloudfront.net/prd/198263A/068Ux00000WN7RPIA1,2026 Kenworth T680,New | Custom Sleeper,"2026 Kenworth T680, 120"" ARI Custom Sleeper, X15, 500hp, 12 Speed AMT",,Custom Sleeper,356886.00 USD,,,,Custom Sleeper; New; Kenworth; T680; Class 8; Diesel; Automated Manual; Cummins; X15,,,,,,Eligible
198259A,,https://www.palmertrucks.com/truck-details/category-Custom-Sleeper/make-Kenworth/model-T680/vin-1XKYD49X6TJ198259/,https://d8lxo54bt1xl7.cloudfront.net/prd/198259A/068Ux00000WN5cXIAT,2026 Kenworth T680,New | Custom Sleeper,"2026 Kenworth T680, 156"" ARI, 500hp, 12 Speed AMT","6503 N. Old US 27, Fremont, IN, 46737, United States",Custom Sleeper,387769.00 USD,,,,Custom Sleeper; New; Kenworth; T680; Class 8; Diesel; Automated Manual; Cummins; X15,,,,,,Eligible
KJ254981A,,https://www.palmertrucks.com/truck-details/category-Dump-Truck/make-Kenworth/model-T880/vin-1NKZXPEX7KJ254981/,https://d8lxo54bt1xl7.cloudfront.net/prd/KJ254981A/068Ux00000XllADIAZ,2019 Kenworth T880,Used | Dump Truck,"2019 Kenworth T880, Tri-Axle Dump,","2929 South Holt RD., Indianapolis, IN, 46241, United States",Dump Truck,129900.00 USD,,,,Dump Truck; Used; Kenworth; T880; Class 8; Diesel; Manual; PACCAR; MX13,,,,,,Eligible
KJ255487,,https://www.palmertrucks.com/truck-details/category-Dump-Truck/make-Kenworth/model-T880/vin-1NKZLK0X7KJ255487/,https://d8lxo54bt1xl7.cloudfront.net/prd/KJ255487/068Ux00000mSxsjIAC,2019 Kenworth T880,Used | Dump Truck,"Used, 2019 Kenworth T880, Dump Truck, MX11, 430 HP, Automated Manual","6425 East State Road 42, Terre Haute, IN, 47803, United States",Dump Truck,119900.00 USD,,,,Dump Truck; Used; Kenworth; T880; Automated Manual; PACCAR; MX11,,,,,,Eligible
229273,,https://www.palmertrucks.com/truck-details/category-Cab-&-Chassis/make-Kenworth/model-T880/vin-1NKZXPTX3TJ229273/,https://d8lxo54bt1xl7.cloudfront.net/prd/229273/068Ux00000wTY6YIAW,2026 Kenworth T880,New | Dump Truck,"2026 Kenworth T880 Quad Axle Dump, w/ Heritage 19' dump Bed, Slide Tarp, MX13, 455hp, Allison Auto","7740 Center Point 70 Blvd., Dayton, OH, 45424, United States",Dump Truck,258600.00 USD,,,,Dump Truck; Cab & Chassis; TRUCK; New; Kenworth; T880; Class 8; Diesel; Automatic; PACCAR; MX-13,,,,,,Eligible
214892A,,https://www.palmertrucks.com/truck-details/category-Custom-Sleeper/make-Kenworth/model-W990/vin-1XK1D49X9TJ214892/,https://d8lxo54bt1xl7.cloudfront.net/prd/214892A/068Ux00000aNpJeIAK,2026 Kenworth W990,New | Custom Sleeper,"2026 Kenworth W990, 156"" ARI Custom Sleeper, X15, 565hp, 18 Speed AMT","6503 N. Old US 27, Fremont, IN, 46737, United States",Custom Sleeper,402667.00 USD,,,,Custom Sleeper; New; Kenworth; W990; Class 8; Diesel; Automated Manual; Cummins; X15,,,,,,Eligible
PN221816,,https://www.palmertrucks.com/truck-details/category-Dump-Truck/make-International/model-HX620/vin-3HTPCAPTXPN221816/,https://d8lxo54bt1xl7.cloudfront.net/prd/PN221816/068Ux00000hTDU9IAO,2023 International HX620,Used | Dump Truck,"Used, 2023 International HX620, Dump Truck, X15, 525 HP, Automatic","3535 Coliseum Blvd W, Fort Wayne, IN, 46808, United States",Dump Truck,183900.00 USD,,,,Dump Truck; Used; International; HX620; Automatic; Cummins; X15,,,,,,Eligible
241913,,https://www.palmertrucks.com/truck-details/category-Cab-&-Chassis/make-Kenworth/model-T880/vin-1NKZXPTX3VJ241913/,https://d8lxo54bt1xl7.cloudfront.net/prd/241913/068Ux00000o3CHiIAM,2027 Kenworth T880,New | Dump Truck,"2027 Kenworth T880, 6 Axle Dump, MX-13, 510hp, Allison 4500RDS, 200"" CA, 20k FA, 46k RA, (3) 10k L/A's, 21' Heritage Dump Body","7740 Center Point 70 Blvd., Dayton, OH, 45424, United States",Dump Truck,278900.00 USD,,,,Dump Truck; Cab & Chassis; TRUCK; New; Kenworth; T880; Class 8; Diesel; Automatic; PACCAR; MX-13,,,,,,Eligible
RJ307929,,https://www.palmertrucks.com/truck-details/category-Custom-Sleeper/make-Kenworth/model-T680/vin-1XKYD49X1RJ307929/,https://d8lxo54bt1xl7.cloudfront.net/prd/RJ307929/068Ux00000kujcmIAA,2024 Kenworth T680,Used | Custom Sleeper,"Used, 2024 Kenworth T680, Custom Sleeper, Cummins, Automated Manual","6503 N. Old US 27, Fremont, IN, 46737, United States",Custom Sleeper,214900.00 USD,,,,Custom Sleeper; Used; Kenworth; T680; Automated Manual; Cummins,,,,,,Eligible
RJ307930,,https://www.palmertrucks.com/truck-details/category-Custom-Sleeper/make-Kenworth/model-T680/vin-1XKYD49X1RJ307930/,https://d8lxo54bt1xl7.cloudfront.net/prd/RJ307930/068Ux00000kzz0uIAA,2024 Kenworth T680,Used | Custom Sleeper,"Used, 2024 Kenworth T680, Custom Sleeper, Cummins, Automated Manual","6503 N. Old US 27, Fremont, IN, 46737, United States",Custom Sleeper,209900.00 USD,,,,Custom Sleeper; Used; Kenworth; T680; Automated Manual; Cummins,,,,,,Eligible
252914,,https://www.palmertrucks.com/truck-details/category-Cab-&-Chassis/make-Kenworth/model-T480/vin-1NK5HJ8X3VJ252914/,https://d8lxo54bt1xl7.cloudfront.net/prd/252914/068Ux00000qV1xyIAC,2027 Kenworth T480,New | Cab & Chassis,"2027 Kenworth T480V, Cab & Chassis for Dump and Plow, PX-9, 300hp, Allison 3500RDS. *PRICED WITH FET*","4330 Poplar Level Rd, Louisville, KY, 40213, United States",Cab & Chassis,139900.00 USD,,,,Cab & Chassis; Municipal; TRUCK; New; Kenworth; T480; Class 8; Diesel; Automatic; PACCAR; PX-9,,,,,,Eligible
EJ419801,,https://www.palmertrucks.com/truck-details/category-Roll-Off/make-Kenworth/model-T800/vin-1NKDX4EX7EJ419801/,https://d8lxo54bt1xl7.cloudfront.net/prd/EJ419801/068Ux00000ruJMRIA2,2014 Kenworth T800,Used | Roll Off,"X15450, 342,866 miles, RTO16908LL, 20K Front, 46K Dana Rear, 4.56 Ratio, 75G Fuel Tank, 2 Steerable 13.2 Pushers, 1 Tag axle. Galfab Rolloff Hoist, Model NOR75228T121, 75K Capacity, Flip Tarp System.","65 Partnership Way, Cincinnati, OH, 45241, United States",Roll Off,55000.00 USD,,,,Roll Off; Used; Kenworth; T800; Cummins,,,,,,Eligible
FJ419805,,https://www.palmertrucks.com/truck-details/category-Roll-Off/make-Kenworth/model-T800/vin-1NKDX4EX4FJ419805/,https://d8lxo54bt1xl7.cloudfront.net/prd/FJ419805/068Ux00000ruc0UIAQ,2015 Kenworth T800,Used | Roll Off,"X15450, 459,637 miles, RTO16908LL, 20K Front, 46K Dana Rear, 4.56 Ratio, 75G Fuel Tank, 2 Steerable 13.2 Pushers, 1 Tag axle. Galfab Rolloff Hoist, Model NOR75228T121, 75K Capacity, Flip Tarp System.","7740 Center Point 70 Blvd., Dayton, OH, 45424, United States",Roll Off,55000.00 USD,,,,Roll Off; Used; Kenworth; T800; Cummins,,,,,,Eligible
FJ419807,,https://www.palmertrucks.com/truck-details/category-Roll-Off/make-Kenworth/model-T800/vin-1NKDX4EX8FJ419807/,,2015 Kenworth T800,Used | Roll Off,"X15450, 308,475 miles, RTO16908LL, 20K Front, 46K Dana Rear, 4.56 Ratio, 75G Fuel Tank, 2 Steerable 13.2 Pushers, 1 Tag axle. Galfab Rolloff Hoist, Model NOR75228T121, 75K Capacity, Flip Tarp System.","65 Partnership Way, Cincinnati, OH, 45241, United States",Roll Off,55000.00 USD,,,,Roll Off; Used; Kenworth; T800; Cummins,,,,,,Eligible
252622,,https://www.palmertrucks.com/truck-details/category-Cab-&-Chassis/make-Kenworth/model-T880/vin-1NKZXPTX3VJ252622/,https://d8lxo54bt1xl7.cloudfront.net/prd/252622/068Ux00000qH298IAC,2027 Kenworth T880,New | Dump Truck,"2027 Kenworth T880, Tri-Axle Dump, MX-13, 455hp, Allison 4500RDS, 16' BeauRoc DL","3535 Coliseum Blvd W, Fort Wayne, IN, 46808, United States",Dump Truck,252629.00 USD,,,,Dump Truck; Cab & Chassis; TRUCK; New; Kenworth; T880; Class 8; Diesel; Automatic; PACCAR; MX-13,,,,,,Eligible
252623,,https://www.palmertrucks.com/truck-details/category-Cab-&-Chassis/make-Kenworth/model-T880/vin-1NKZXPTX5VJ252623/,https://d8lxo54bt1xl7.cloudfront.net/prd/252623/068Ux00000pqPt6IAE,2027 Kenworth T880,New | Dump Truck,"2027 Kenworth T880, Cab & Chassis for Tri-Axle Dump, MX-13, 455hp, Allison 4500RDS, 16' BeauRoc DL","3535 Coliseum Blvd W, Fort Wayne, IN, 46808, United States",Dump Truck,252629.00 USD,,,,Dump Truck; Cab & Chassis; TRUCK; New; Kenworth; T880; Class 8; Diesel; Automatic; PACCAR; MX-13,,,,,,Eligible
252763,,https://www.palmertrucks.com/truck-details/category-Day-Cab/make-Kenworth/model-T880/vin-1XKZP4TX4VJ252763/,https://d8lxo54bt1xl7.cloudfront.net/prd/252763/068Ux00000rU2SWIA0,2027 Kenworth T880,New | Day Cab,"2027 Kenworth T880 Heavy Haul Day Cab,","4330 Poplar Level Rd, Louisville, KY, 40213, United States",Day Cab,209500.00 USD,,,,Day Cab; Heavy Haul; TRUCK; New; Kenworth; T880; Class 8; Diesel; Manual; Cummins; X15,,,,,,Eligible
252601,,https://www.palmertrucks.com/truck-details/category-Sleeper/make-Kenworth/model-T680/vin-1XKYDP9X4VJ252601/,https://d8lxo54bt1xl7.cloudfront.net/prd/252601/068Ux00000qwAdnIAE,2027 Kenworth T680,New | Sleeper,"2027 Kenworth T680, 76"" HR Sleeper, MX-13, 510hp, 12 Speed AMT","6503 N. Old US 27, Fremont, IN, 46737, United States",Sleeper,197200.00 USD,,,,Sleeper; TRUCK; New; Kenworth; T680; Class 8; Diesel; Automated Manual; PACCAR; MX-13,,,,,,Eligible
252602,,https://www.palmertrucks.com/truck-details/category-Day-Cab/make-Kenworth/model-T680/vin-1XKYD49X6VR252602/,https://d8lxo54bt1xl7.cloudfront.net/prd/252602/068Ux00000oyr9VIAQ,2027 Kenworth T680,New | Day Cab,"2027 Kenworth T680, Day Cab, X15, 500hp, 13 Speed Manual, 195"" WB","6503 N. Old US 27, Fremont, IN, 46737, United States",Day Cab,177900.00 USD,,,,Day Cab; TRUCK; New; Kenworth; T680; Class 8; Diesel; Manual; Cummins; X15,,,,,,Eligible
252579,,https://www.palmertrucks.com/truck-details/category-Day-Cab/make-Kenworth/model-T680/vin-1XKYDP9X4VJ252579/,https://d8lxo54bt1xl7.cloudfront.net/prd/252579/068Ux00000ov5hKIAQ,2027 Kenworth T680,New | Day Cab,"2027 Kenworth T680 Day Cab, MX-13, 510hp, 12 Speed AMT, 205"" WB, Dual Exhaust","1040 E. Mount Pleasant Rd., Evansville, IN, 47725, United States",Day Cab,182900.00 USD,,,,Day Cab; TRUCK; New; Kenworth; T680; Class 8; Diesel; Automated Manual; PACCAR; MX-13,,,,,,Eligible
252910,,https://www.palmertrucks.com/truck-details/category-Day-Cab/make-Kenworth/model-T680/vin-1XKYDP9X6VJ252910/,https://d8lxo54bt1xl7.cloudfront.net/prd/252910/068Ux00000ywgaeIAA,2027 Kenworth T680,New | Day Cab,"2027 Kenworth T680, Day Cab, MX-13, 455hp, 12 Speed AMT","9704 E. 30th St., Indianapolis, IN, 46229, United States",Day Cab,165800.00 USD,,,,Day Cab; TRUCK; New; Kenworth; T680; Class 8; Diesel; Automated Manual; PACCAR; MX-13,,,,,,Eligible
252626,,https://www.palmertrucks.com/truck-details/category-Cab-&-Chassis/make-Kenworth/model-T880/vin-1NKZX4TX2VJ252626/,https://d8lxo54bt1xl7.cloudfront.net/prd/252626/068Ux00000s2u74IAA,2027 Kenworth T880,New | Dump Truck,"2027 Kenworth T880, Tri Axle Dump, X15, 450hp, Allison 4500RDS, 140"" CA, 20k FA, 46k RA, 20K L/A","3535 Coliseum Blvd W, Fort Wayne, IN, 46808, United States",Dump Truck,254715.00 USD,,,,Dump Truck; Cab & Chassis; TRUCK; New; Kenworth; T880; Class 8; Diesel; Automatic; Cummins; X15,,,,,,Eligible
MD770401,,https://www.palmertrucks.com/truck-details/category-Custom-Sleeper/make-Peterbilt/model-579/vin-1XPBD49X6MD770401/,https://d8lxo54bt1xl7.cloudfront.net/prd/MD770401/068Ux00000lmSocIAE,2021 Peterbilt 579,Used | Custom Sleeper,"Used, 2021 Peterbilt 579, Custom Sleeper, X15, 500 HP, Automated Manual","3535 Coliseum Blvd W, Fort Wayne, IN, 46808, United States",Custom Sleeper,179900.00 USD,,,,Custom Sleeper; Used; Peterbilt; 579; Automated Manual; Cummins; X15,,,,,,Eligible
KJ227357A,,https://www.palmertrucks.com/truck-details/category-Dump-Truck/make-Kenworth/model-T880/vin-1NKZXPEX5KJ227357/,https://d8lxo54bt1xl7.cloudfront.net/prd/KJ227357A/068Ux00000kk2PLIAY,2019 Kenworth T880,Used | Dump Truck,"Used, 2019 Kenworth T880, Dump Truck, MX13, 455 HP","2929 South Holt RD., Indianapolis, IN, 46241, United States",Dump Truck,149900.00 USD,,,,Dump Truck; Used; Kenworth; T880; Class 8; PACCAR; MX13,,,,,,Eligible
252908,,https://www.palmertrucks.com/truck-details/category-Cab-&-Chassis/make-Kenworth/model-T880/vin-1NKZX4TX1VJ252908/,https://d8lxo54bt1xl7.cloudfront.net/prd/252908/068Ux00000y9SsAIAU,2027 Kenworth T880,New | Dump Truck,"2027 Kenworth T880, Tri-Axle Dump, X15 500hp, Allison 4500RDS, 137"" CA, 20k FA, 46k RA, 20k L/A","9704 E. 30th St., Indianapolis, IN, 46229, United States",Dump Truck,265900.00 USD,,,,Dump Truck; Cab & Chassis; TRUCK; New; Kenworth; T880; Class 8; Diesel; Automatic; Cummins; X15,,,,,,Eligible
PD816260,,https://www.palmertrucks.com/truck-details/category-Custom-Sleeper/make-Peterbilt/model-579/vin-1XPBDP9X7PD816260/,https://d8lxo54bt1xl7.cloudfront.net/prd/PD816260/068Ux00000mCH81IAG,2023 Peterbilt 579,Used | Custom Sleeper,"Used, 2023 Peterbilt 579, Custom Sleeper, Paccar MX-13","6503 N. Old US 27, Fremont, IN, 46737, United States",Custom Sleeper,138200.00 USD,,,,Custom Sleeper; Used; Peterbilt; 579; Class 8; Paccar MX-13,,,,,,Eligible
233411A,,https://www.palmertrucks.com/truck-details/category-Custom-Sleeper/make-Kenworth/model-T880/vin-1XKZD49XXVJ233411/,https://d8lxo54bt1xl7.cloudfront.net/prd/233411A/068Ux00000lQSIcIAO,2027 Kenworth T880,New | Custom Sleeper,"New 2027 Kenworth T880 with 180 Inch ARI Legacy II RBSDUB Sleeper; Cummins X15, 525 HP Engine; Eaton Endurant XD 18-Speed Automated Transmission; 344 Inch WB. Call for detailed specs…this truck is loaded!",,Custom Sleeper,414578.00 USD,,,,Custom Sleeper; TRUCK; New; Kenworth; T880; Class 8; Diesel; Automated Manual; Cummins; X15,,,,,,Eligible
232115A,,https://www.palmertrucks.com/truck-details/category-Custom-Sleeper/make-Kenworth/model-W990/vin-1XK1D49X5VJ232115/,https://d8lxo54bt1xl7.cloudfront.net/prd/232115A/068Ux00000lo6aMIAQ,2027 Kenworth W990,New | Custom Sleeper,"New 2027 Kenworth W990 with 120 Inch ARI Legacy II RB Sleeper; Cummins X15, 565 HP Engine; Eaton Endurant XD 18-Speed Automated Transmission; 310 Inch WB. 
Onan 7,500W Gen, Shower, Toilet, Fridge, Convection Microwave, Dinette bunk and much more,",,Custom Sleeper,376579.00 USD,,,,Custom Sleeper; TRUCK; New; Kenworth; W990; Class 8; Diesel; Automated Manual; Cummins; X15,,,,,,Eligible
RJ320940,,https://www.palmertrucks.com/truck-details/category-Sleeper/make-Kenworth/model-T680/vin-1XKYD49XXRJ320940/,https://d8lxo54bt1xl7.cloudfront.net/prd/RJ320940/068Ux00000pIBUQIA4,2024 Kenworth T680,Used | Sleeper,"Used, 2024 Kenworth T680, Sleeper, X-15, 450 HP, Automated Manual",,Sleeper,94900.00 USD,,,,Sleeper; Used; Kenworth; T680; Automated Manual; Cummins; X-15,,,,,,Eligible
JN447123,,https://www.palmertrucks.com/truck-details/category-Stone-Slinger/make-International/model-HX620/vin-3HTDTAPTXJN447123/,https://d8lxo54bt1xl7.cloudfront.net/prd/JN447123/068Ux00000qEVXTIA4,2018 International HX620,Used | Stone Slinger,"Used, 2018 International HX620, Stone Slinger, X15, 485 HP, Automatic, Diesel","2929 South Holt RD., Indianapolis, IN, 46241, United States",Stone Slinger,139900.00 USD,,,,Stone Slinger; Used; International; HX620; Diesel; Automatic; Cummins; X15,,,,,,Eligible
KN071129,,https://www.palmertrucks.com/truck-details/category-Dump-Truck/make-International/model-HX620/vin-3HTDTAPT2KN071129/,https://d8lxo54bt1xl7.cloudfront.net/prd/KN071129/068Ux00000qEPGmIAO,2019 International HX620,Used | Dump Truck,"Used, 2019 International HX620, Dump Truck, X15, 485 HP, Automatic","2929 South Holt RD., Indianapolis, IN, 46241, United States",Dump Truck,139900.00 USD,,,,Dump Truck; Used; International; HX620; Automatic; Cummins; X15,,,,,,Eligible
PJ225700,,https://www.palmertrucks.com/truck-details/category-Sleeper/make-Kenworth/model-T680/vin-1XKYD49X1PJ225700/,https://d8lxo54bt1xl7.cloudfront.net/prd/PJ225700/068Ux00000oy6SQIAY,2023 Kenworth T680,Used | Sleeper,"Used, 2023 Kenworth T680, Sleeper, X15, 450 HP, Automatic, Diesel","65 Partnership Way, Cincinnati, OH, 45241, United States",Sleeper,79900.00 USD,,,,Sleeper; Used; Kenworth; T680; Class 8; Diesel; Automatic; Cummins; X15,,,,,,Eligible
270769,,https://www.palmertrucks.com/truck-details/category-Sleeper/make-Kenworth/model-T680/vin-1XKYDP9X0VJ270769/,https://d8lxo54bt1xl7.cloudfront.net/prd/270769/068Ux00001020I2IAI,2027 Kenworth T680,New | Sleeper,"2027 Kenworth T680, 40"" Flattop, MX-13, 510hp, 12 Speed AMT","3535 Coliseum Blvd W, Fort Wayne, IN, 46808, United States",Sleeper,185642.00 USD,,,,Sleeper; TRUCK; New; Kenworth; T680; Class 8; Diesel; Automated Manual; PACCAR; MX-13,,,,,,Eligible
270770,,https://www.palmertrucks.com/truck-details/category-Sleeper/make-Kenworth/model-T680/vin-1XKYDP9X7VJ270770/,https://d8lxo54bt1xl7.cloudfront.net/prd/270770/068Ux0000102IoMIAU,2027 Kenworth T680,New | Sleeper,"2027 Kenworth T680, 40"" Flattop, MX-13, 510hp, 12 Speed AMT","3535 Coliseum Blvd W, Fort Wayne, IN, 46808, United States",Sleeper,185642.00 USD,,,,Sleeper; TRUCK; New; Kenworth; T680; Class 8; Diesel; Automated Manual; PACCAR; MX-13,,,,,,Eligible
271088,,https://www.palmertrucks.com/truck-details/category-Sleeper/make-Kenworth/model-T680/vin-1XKYD49X5VJ271088/,https://d8lxo54bt1xl7.cloudfront.net/prd/271088/068Ux0000102707IAA,2027 Kenworth T680,New | Sleeper,"2027 Kenworth T680, 76"" HR, X15, 500hp, 10 Speed Manual","3535 Coliseum Blvd W, Fort Wayne, IN, 46808, United States",Sleeper,207552.00 USD,,,,Sleeper; TRUCK; New; Kenworth; T680; Class 8; Diesel; Manual; Cummins; X15,,,,,,Eligible
271100,,https://www.palmertrucks.com/truck-details/category-Cab-&-Chassis/make-Kenworth/model-T880/vin-1NKZX4TX4VJ271100/,https://d8lxo54bt1xl7.cloudfront.net/prd/271100/068Ux0000102KRxIAM,2027 Kenworth T880,New | Dump Truck,"2027 Kenworth T880, Quad Axle Dump, X15, 450hp, Allison 4500RDS  Heritage 18.5' Steel Dump Body","3535 Coliseum Blvd W, Fort Wayne, IN, 46808, United States",Dump Truck,272998.00 USD,,,,Dump Truck; Cab & Chassis; TRUCK; New; Kenworth; T880; Class 8; Diesel; Automatic; Cummins; X15,,,,,,Eligible
271102,,https://www.palmertrucks.com/truck-details/category-Cab-&-Chassis/make-Kenworth/model-T880/vin-1NKZX4EX1VJ271102/,https://d8lxo54bt1xl7.cloudfront.net/prd/271102/068Ux00000xHRBaIAO,2027 Kenworth T880,New | Cab & Chassis,"2027 Kenworth T880, Cab & Chassis for Tri-Axle Dump, X15, 500hp, Allison 4500RDS","4330 Poplar Level Rd, Louisville, KY, 40213, United States",Cab & Chassis,,,,,Cab & Chassis; Dump Truck; TRUCK; New; Kenworth; T880; Class 8; Diesel; Automatic; Cummins; X15,,,,,,Eligible
271101,,https://www.palmertrucks.com/truck-details/category-Cab-&-Chassis/make-Kenworth/model-T880/vin-1NKZX4TX6VJ271101/,https://d8lxo54bt1xl7.cloudfront.net/prd/271101/068Ux0000102E3CIAU,2027 Kenworth T880,New | Dump Truck,"2027 Kenworth T880, Quad Axle Dump, X15, 450hp, Allison 4500RDS  Heritage 18.5' Steel Dump Body","3535 Coliseum Blvd W, Fort Wayne, IN, 46808, United States",Dump Truck,272998.00 USD,,,,Dump Truck; Cab & Chassis; TRUCK; New; Kenworth; T880; Class 8; Diesel; Automatic; Cummins; X15,,,,,,Eligible
GM032337,,https://www.palmertrucks.com/truck-details/category-Dump-Truck/make-Mack/model-GU813/vin-1M2AX13C3GM032337/,https://d8lxo54bt1xl7.cloudfront.net/prd/GM032337/068Ux00000yE2UBIA0,2016 Mack GU813,Used | Dump Truck,"Used, 2016 Mack GU813, Dump Truck, MP-7, 395 HP, Manual","2929 South Holt RD., Indianapolis, IN, 46241, United States",Dump Truck,84900.00 USD,,,,Dump Truck; Used; Mack; GU813; Manual; MP-7,,,,,,Eligible
HM036799,,https://www.palmertrucks.com/truck-details/category-Dump-Truck/make-Mack/model-GU813/vin-1M2AX13C4HM036799/,https://d8lxo54bt1xl7.cloudfront.net/prd/HM036799/068Ux00000yGTWcIAO,2017 Mack GU813,Used | Dump Truck,"Used, 2017 Mack GU813, Dump Truck, MP-7, 395 HP, Manual","2929 South Holt RD., Indianapolis, IN, 46241, United States",Dump Truck,89900.00 USD,,,,Dump Truck; Used; Mack; GU813; Manual; MP-7,,,,,,Eligible
MM451844,,https://www.palmertrucks.com/truck-details/category-Box-Truck/make-Kenworth/model-T270/vin-2NKHHJ6X7MM451844/,https://d8lxo54bt1xl7.cloudfront.net/prd/MM451844/068Ux00000x3Yw1IAE,2021 Kenworth T270,Used | Box Truck,2021 Kenworth T270 Box Truck - PX9 - 260 HP/720 - 3000RDS - 6 spd,"2929 South Holt RD., Indianapolis, IN, 46241, United States",Box Truck,54900.00 USD,,,,Box Truck; NCDL 26 BOX; Used; Kenworth; T270; Class 6; Diesel; Automatic; PACCAR; PX9,,,,,,Eligible
NJ128331,,https://www.palmertrucks.com/truck-details/category-Sleeper/make-Kenworth/model-T680/vin-1XKYD49X8NJ128331/,https://d8lxo54bt1xl7.cloudfront.net/prd/NJ128331/068Ux00000x3AvkIAE,2022 Kenworth T680,Used | Sleeper,"Double bunk, 10 aluminums, Thermo King APU, Espar heater, new drive tires, collision mitigation","2929 South Holt RD., Indianapolis, IN, 46241, United States",Sleeper,84900.00 USD,,,,Sleeper; Used; Kenworth; T680; Class 8; Automated Manual; Cummins; X15,,,,,,Eligible
PJ230301,,https://www.palmertrucks.com/truck-details/category-Sleeper/make-Kenworth/model-T680/vin-1XKYD49X1PJ230301/,https://d8lxo54bt1xl7.cloudfront.net/prd/PJ230301/068Ux00000yGfJEIA0,2023 Kenworth T680,Used | Sleeper,"Used, 2023 Kenworth T680, Sleeper, X15, 450 HP, Automated Manual","2929 South Holt RD., Indianapolis, IN, 46241, United States",Sleeper,84900.00 USD,,,,Sleeper; Used; Kenworth; T680; Class 8; Automated Manual; Cummins; X15,,,,,,Eligible
RJ320931,,https://www.palmertrucks.com/truck-details/category-Sleeper/make-Kenworth/model-T680/vin-1XKYD49X9RJ320931/,https://d8lxo54bt1xl7.cloudfront.net/prd/RJ320931/068Ux00000x2wu3IAA,2024 Kenworth T680,Used | Sleeper,"Used, 2024 Kenworth T680, Sleeper, X15, 500 HP, Automated Manual, Diesel","2929 South Holt RD., Indianapolis, IN, 46241, United States",Sleeper,89900.00 USD,,,,Sleeper; Used; Kenworth; T680; Class 8; Diesel; Automated Manual; Cummins; X15,,,,,,Eligible
PJ230170,,https://www.palmertrucks.com/truck-details/category-Sleeper/make-Kenworth/model-T680/vin-1XKYD49X1PJ230170/,https://d8lxo54bt1xl7.cloudfront.net/prd/PJ230170/068Ux00000yGjZhIAK,2023 Kenworth T680,Used | Sleeper,"Used, 2023 Kenworth T680, Sleeper, X15, 450 HP, Automated Manual","2929 South Holt RD., Indianapolis, IN, 46241, United States",Sleeper,79900.00 USD,,,,Sleeper; Used; Kenworth; T680; Class 8; Automated Manual; Cummins; X15,,,,,,Eligible
PJ230496,,https://www.palmertrucks.com/truck-details/category-Sleeper/make-Kenworth/model-T680/vin-1XKYD49X9PJ230496/,https://d8lxo54bt1xl7.cloudfront.net/prd/PJ230496/068Ux00000tYfM1IAK,2023 Kenworth T680,Used | Sleeper,"Used, 2023 Kenworth T680, Sleeper, X15, 450 HP, Automatic, Diesel","2929 South Holt RD., Indianapolis, IN, 46241, United States",Sleeper,79900.00 USD,,,,Sleeper; Used; Kenworth; T680; Class 8; Diesel; Automatic; Cummins; X15,,,,,,Eligible
PJ476043,,https://www.palmertrucks.com/truck-details/category-Sleeper/make-Kenworth/model-T680/vin-1XKYD49X7PJ476043/,https://d8lxo54bt1xl7.cloudfront.net/prd/PJ476043/068Ux00000x3BUsIAM,2023 Kenworth T680,Used | Sleeper,"Used, 2023 Kenworth T680, Sleeper, X15, 400 HP, Automated Manual","2929 South Holt RD., Indianapolis, IN, 46241, United States",Sleeper,79900.00 USD,,,,Sleeper; Used; Kenworth; T680; Class 8; Automated Manual; Cummins; X15,,,,,,Eligible
CONPN624151,,https://www.palmertrucks.com/truck-details/category-Custom-Sleeper/make-Volvo/model-VNL300/vin-4V4NC9EJXPN624151/,https://d8lxo54bt1xl7.cloudfront.net/prd/CONPN624151/068Ux00000zQleTIAS,2023 Volvo VNL300,Used | Custom Sleeper,"Used, 2023 Volvo VNL300, Custom Sleeper, D13, 500 HP, Automated Manual","3535 Coliseum Blvd W, Fort Wayne, IN, 46808, United States",Custom Sleeper,315000.00 USD,,,,Custom Sleeper; Used; Volvo; VNL300; Automated Manual; D13,,,,,,Eligible
252852A,,https://www.palmertrucks.com/truck-details/category-Custom-Sleeper/make-Kenworth/model-T680/vin-1XKYD49X9VJ252852/,https://d8lxo54bt1xl7.cloudfront.net/prd/252852A/068Ux00000zfhNeIAI,2027 Kenworth T680,New | Custom Sleeper,"New, 2027 Kenworth T680, Custom Sleeper, X15, 500 HP, Automated Manual, Diesel","3535 Coliseum Blvd W, Fort Wayne, IN, 46808, United States",Custom Sleeper,396024.00 USD,,,,Custom Sleeper; TRUCK; New; Kenworth; T680; Class 8; Diesel; Automated Manual; Cummins; X15,,,,,,Eligible
